o,b,j,e,c,t, ,0, ,i,s, ,a,t, ,t,h,e, ,t,o,p, ,o,f, ,o,b,j,e,c,t, ,1
o,b,j,e,c,t, ,0, ,i,s, ,a,t, ,t,h,e, ,b,o,t,t,o,m, ,o,f, ,o,b,j,e,c,t, ,2
o,b,j,e,c,t, ,0, ,i,s, ,a,t, ,t,h,e, ,t,o,p, ,o,f, ,o,b,j,e,c,t, ,3
o,b,j,e,c,t, ,0, ,i,s, ,a,t, ,t,h,e, ,t,o,p, ,o,f, ,o,b,j,e,c,t, ,4
o,b,j,e,c,t, ,0, ,i,s, ,a,t, ,t,h,e, ,b,o,t,t,o,m, ,o,f, ,o,b,j,e,c,t, ,5
o,b,j,e,c,t, ,0, ,i,s, ,a,t, ,t,h,e, ,t,o,p, ,o,f, ,o,b,j,e,c,t, ,6
o,b,j,e,c,t, ,0, ,i,s, ,a,t, ,t,h,e, ,b,o,t,t,o,m, ,o,f, ,o,b,j,e,c,t, ,5
o,b,j,e,c,t, ,0, ,i,s, ,a,t, ,t,h,e, ,t,o,p, ,o,f, ,o,b,j,e,c,t, ,8
o,b,j,e,c,t, ,1, ,i,s, ,a,t, ,t,h,e, ,b,o,t,t,o,m, ,o,f, ,o,b,j,e,c,t, ,2
o,b,j,e,c,t, ,1, ,i,s, ,a,t, ,t,h,e, ,t,o,p, ,o,f, ,o,b,j,e,c,t, ,3
o,b,j,e,c,t, ,1, ,i,s, ,a,t, ,t,h,e, ,t,o,p, ,o,f, ,o,b,j,e,c,t, ,4
o,b,j,e,c,t, ,1, ,i,s, ,a,t, ,t,h,e, ,b,o,t,t,o,m, ,o,f, ,o,b,j,e,c,t, ,5
o,b,j,e,c,t, ,1, ,i,s, ,a,t, ,t,h,e, ,t,o,p, ,o,f, ,o,b,j,e,c,t, ,6
o,b,j,e,c,t, ,1, ,i,s, ,a,t, ,t,h,e, ,b,o,t,t,o,m, ,o,f, ,o,b,j,e,c,t, ,5
o,b,j,e,c,t, ,1, ,i,s, ,a,t, ,t,h,e, ,t,o,p, ,o,f, ,o,b,j,e,c,t, ,8
o,b,j,e,c,t, ,2, ,i,s, ,a,t, ,t,h,e, ,t,o,p, ,o,f, ,o,b,j,e,c,t, ,0
o,b,j,e,c,t, ,2, ,i,s, ,a,t, ,t,h,e, ,t,o,p, ,o,f, ,o,b,j,e,c,t, ,3
o,b,j,e,c,t, ,2, ,i,s, ,a,t, ,t,h,e, ,t,o,p, ,o,f, ,o,b,j,e,c,t, ,4
o,b,j,e,c,t, ,2, ,i,s, ,a,t, ,t,h,e, ,t,o,p, ,o,f, ,o,b,j,e,c,t, ,5
o,b,j,e,c,t, ,2, ,i,s, ,a,t, ,t,h,e, ,t,o,p, ,o,f, ,o,b,j,e,c,t, ,6
o,b,j,e,c,t, ,2, ,i,s, ,a,t, ,t,h,e, ,t,o,p, ,o,f, ,o,b,j,e,c,t, ,5
o,b,j,e,c,t, ,2, ,i,s, ,a,t, ,t,h,e, ,t,o,p, ,o,f, ,o,b,j,e,c,t, ,8
o,b,j,e,c,t, ,3, ,i,s, ,a,t, ,t,h,e, ,b,o,t,t,o,m, ,o,f, ,o,b,j,e,c,t, ,0
o,b,j,e,c,t, ,3, ,i,s, ,a,t, ,t,h,e, ,b,o,t,t,o,m, ,o,f, ,o,b,j,e,c,t, ,1
o,b,j,e,c,t, ,3, ,i,s, ,a,t, ,t,h,e, ,t,o,p, ,o,f, ,o,b,j,e,c,t, ,4
o,b,j,e,c,t, ,3, ,i,s, ,a,t, ,t,h,e, ,b,o,t,t,o,m, ,o,f, ,o,b,j,e,c,t, ,5
o,b,j,e,c,t, ,3, ,i,s, ,a,t, ,t,h,e, ,b,o,t,t,o,m, ,o,f, ,o,b,j,e,c,t, ,6
o,b,j,e,c,t, ,3, ,i,s, ,a,t, ,t,h,e, ,b,o,t,t,o,m, ,o,f, ,o,b,j,e,c,t, ,5
o,b,j,e,c,t, ,3, ,i,s, ,a,t, ,t,h,e, ,t,o,p, ,o,f, ,o,b,j,e,c,t, ,8
o,b,j,e,c,t, ,4, ,i,s, ,a,t, ,t,h,e, ,b,o,t,t,o,m, ,o,f, ,o,b,j,e,c,t, ,0
o,b,j,e,c,t, ,4, ,i,s, ,a,t, ,t,h,e, ,b,o,t,t,o,m, ,o,f, ,o,b,j,e,c,t, ,1
o,b,j,e,c,t, ,4, ,i,s, ,a,t, ,t,h,e, ,b,o,t,t,o,m, ,o,f, ,o,b,j,e,c,t, ,2
o,b,j,e,c,t, ,4, ,i,s, ,a,t, ,t,h,e, ,b,o,t,t,o,m, ,o,f, ,o,b,j,e,c,t, ,5
o,b,j,e,c,t, ,4, ,i,s, ,a,t, ,t,h,e, ,b,o,t,t,o,m, ,o,f, ,o,b,j,e,c,t, ,6
o,b,j,e,c,t, ,4, ,i,s, ,a,t, ,t,h,e, ,b,o,t,t,o,m, ,o,f, ,o,b,j,e,c,t, ,5
o,b,j,e,c,t, ,4, ,i,s, ,a,t, ,t,h,e, ,t,o,p, ,o,f, ,o,b,j,e,c,t, ,8
o,b,j,e,c,t, ,5, ,i,s, ,a,t, ,t,h,e, ,t,o,p, ,o,f, ,o,b,j,e,c,t, ,0
o,b,j,e,c,t, ,5, ,i,s, ,a,t, ,t,h,e, ,t,o,p, ,o,f, ,o,b,j,e,c,t, ,1
o,b,j,e,c,t, ,5, ,i,s, ,a,t, ,t,h,e, ,b,o,t,t,o,m, ,o,f, ,o,b,j,e,c,t, ,2
o,b,j,e,c,t, ,5, ,i,s, ,a,t, ,t,h,e, ,t,o,p, ,o,f, ,o,b,j,e,c,t, ,3
o,b,j,e,c,t, ,5, ,i,s, ,a,t, ,t,h,e, ,t,o,p, ,o,f, ,o,b,j,e,c,t, ,6
o,b,j,e,c,t, ,5, ,i,s, ,a,t, ,t,h,e, ,t,o,p, ,o,f, ,o,b,j,e,c,t, ,8
o,b,j,e,c,t, ,6, ,i,s, ,a,t, ,t,h,e, ,b,o,t,t,o,m, ,o,f, ,o,b,j,e,c,t, ,0
o,b,j,e,c,t, ,6, ,i,s, ,a,t, ,t,h,e, ,b,o,t,t,o,m, ,o,f, ,o,b,j,e,c,t, ,1
o,b,j,e,c,t, ,6, ,i,s, ,a,t, ,t,h,e, ,b,o,t,t,o,m, ,o,f, ,o,b,j,e,c,t, ,2
o,b,j,e,c,t, ,6, ,i,s, ,a,t, ,t,h,e, ,t,o,p, ,o,f, ,o,b,j,e,c,t, ,3
o,b,j,e,c,t, ,6, ,i,s, ,a,t, ,t,h,e, ,t,o,p, ,o,f, ,o,b,j,e,c,t, ,4
o,b,j,e,c,t, ,6, ,i,s, ,a,t, ,t,h,e, ,b,o,t,t,o,m, ,o,f, ,o,b,j,e,c,t, ,5
o,b,j,e,c,t, ,6, ,i,s, ,a,t, ,t,h,e, ,t,o,p, ,o,f, ,o,b,j,e,c,t, ,8
o,b,j,e,c,t, ,5, ,i,s, ,a,t, ,t,h,e, ,t,o,p, ,o,f, ,o,b,j,e,c,t, ,0
o,b,j,e,c,t, ,5, ,i,s, ,a,t, ,t,h,e, ,t,o,p, ,o,f, ,o,b,j,e,c,t, ,1
o,b,j,e,c,t, ,5, ,i,s, ,a,t, ,t,h,e, ,b,o,t,t,o,m, ,o,f, ,o,b,j,e,c,t, ,2
o,b,j,e,c,t, ,5, ,i,s, ,a,t, ,t,h,e, ,t,o,p, ,o,f, ,o,b,j,e,c,t, ,3
o,b,j,e,c,t, ,5, ,i,s, ,a,t, ,t,h,e, ,t,o,p, ,o,f, ,o,b,j,e,c,t, ,4
o,b,j,e,c,t, ,5, ,i,s, ,a,t, ,t,h,e, ,t,o,p, ,o,f, ,o,b,j,e,c,t, ,8
o,b,j,e,c,t, ,8, ,i,s, ,a,t, ,t,h,e, ,b,o,t,t,o,m, ,o,f, ,o,b,j,e,c,t, ,0
o,b,j,e,c,t, ,8, ,i,s, ,a,t, ,t,h,e, ,b,o,t,t,o,m, ,o,f, ,o,b,j,e,c,t, ,1
o,b,j,e,c,t, ,8, ,i,s, ,a,t, ,t,h,e, ,b,o,t,t,o,m, ,o,f, ,o,b,j,e,c,t, ,2
o,b,j,e,c,t, ,8, ,i,s, ,a,t, ,t,h,e, ,b,o,t,t,o,m, ,o,f, ,o,b,j,e,c,t, ,3
o,b,j,e,c,t, ,8, ,i,s, ,a,t, ,t,h,e, ,b,o,t,t,o,m, ,o,f, ,o,b,j,e,c,t, ,4
o,b,j,e,c,t, ,8, ,i,s, ,a,t, ,t,h,e, ,b,o,t,t,o,m, ,o,f, ,o,b,j,e,c,t, ,5
o,b,j,e,c,t, ,8, ,i,s, ,a,t, ,t,h,e, ,b,o,t,t,o,m, ,o,f, ,o,b,j,e,c,t, ,6
